mean_dist_day,mean_over_speed_perc,Cluster ID
71.24,28,1
52.53,25,1
64.54,27,1
55.69,22,1
54.58,25,1
41.91,10,0
58.64,20,1
52.02,8,1
31.25,34,0
44.31,19,0
49.35,40,1
58.07,45,1
44.22,22,0
55.73,19,1
46.63,43,1
52.97,32,1
46.25,35,1
51.55,27,1
57.05,26,1
58.45,30,1
43.42,23,0
55.68,37,1
55.15,18,1
43.84,22,0
59.26,32,1
37.14,41,0
64.3,29,1
45.75,16,0
45.97,23,0
56.04,39,1
33.64,45,0
41.67,33,0
50.68,39,1
54.22,35,1
56.2,29,1
46.16,41,1
50.22,24,1
49.66,33,1
38.61,37,0
55.28,36,1
57.87,41,1
61.69,12,1
37.41,21,0
53.83,32,1
62.98,22,1
46.97,13,0
58.03,24,1
59.87,36,1
81.34,31,1
48.56,26,1
17.66,23,0
46.01,21,0
45.34,26,0
39.64,31,0
51.22,36,1
36.21,31,0
47.32,55,1
54.87,27,1
58.97,6,1
57.3,42,1
59.94,32,1
61.72,25,1
53.19,23,1
35.13,38,0
48.47,20,1
51.17,43,1
42.14,39,0
54.31,35,1
48.93,32,1
53.51,44,1
51.72,24,1
49.86,10,1
49.2,41,1
60.2,39,1
54.06,20,1
72.91,30,1
61.92,40,1
44.2,24,0
60.75,39,1
68.36,37,1
56.39,20,1
38.19,15,0
66.19,27,1
58.2,17,1
47.55,22,1
37.62,16,0
17.81,26,0
31.25,29,0
61.0,41,1
40.98,33,0
53.69,24,1
51.46,9,1
64.57,29,1
53.79,23,1
64.28,34,1
38.41,24,0
58.89,42,1
44.17,33,0
50.41,43,1
63.63,28,1
45.78,24,0
55.61,20,1
67.23,5,1
49.69,38,1
54.6,30,1
40.94,59,1
43.84,36,0
56.36,19,1
69.53,23,1
51.48,19,1
52.93,41,1
55.52,8,1
52.14,23,1
62.86,21,1
37.53,33,0
63.47,25,1
62.11,33,1
43.52,25,0
47.97,27,1
42.27,37,0
56.05,30,1
62.08,37,1
35.25,53,0
39.81,25,0
60.27,33,1
53.41,22,1
56.28,27,1
53.31,25,1
55.24,30,1
44.97,29,0
40.3,43,0
47.18,42,1
46.4,34,1
35.11,15,0
54.33,38,1
54.59,64,1
61.67,50,1
52.39,19,1
52.37,6,1
40.84,25,0
27.42,27,0
44.79,31,0
59.84,37,1
36.0,45,0
47.64,10,0
51.85,37,1
59.73,15,1
42.96,37,0
51.84,27,1
59.62,23,1
58.82,30,1
50.93,30,1
41.35,23,0
24.58,45,0
57.74,22,1
38.14,33,0
51.82,20,1
41.37,17,0
55.01,24,1
64.56,53,1
46.09,35,1
57.81,20,1
46.31,23,0
66.62,37,1
42.89,17,0
40.82,23,0
50.55,41,1
40.43,40,0
53.36,25,1
44.83,27,0
35.87,35,0
46.95,23,1
47.75,20,1
57.12,26,1
38.03,43,0
54.31,45,1
50.29,39,1
33.6,24,0
45.13,44,1
31.68,31,0
72.36,4,1
48.43,55,1
44.48,36,1
56.54,20,1
54.11,50,1
49.51,29,1
50.66,36,1
61.82,23,1
50.45,15,1
67.7,43,1
41.61,12,0
39.63,31,0
36.08,31,0
45.18,27,0
49.33,28,1
48.66,45,1
53.81,25,1
35.57,44,0
48.83,39,1
69.14,40,1
60.75,59,1
52.01,39,1
47.88,45,1
40.3,30,0
48.52,30,1
55.06,37,1
48.45,28,1
58.65,40,1
69.29,21,1
51.7,21,1
69.95,18,1
53.04,37,1
47.97,27,1
64.01,26,1
61.76,23,1
49.98,28,1
81.96,27,1
56.56,25,1
51.69,30,1
54.83,40,1
54.97,39,1
44.07,27,0
45.95,40,1
42.24,22,0
43.52,49,1
51.33,31,1
56.68,55,1
51.06,24,1
41.95,28,0
53.56,27,1
47.86,45,1
43.74,34,0
41.22,39,0
45.82,42,1
44.74,25,0
53.88,30,1
44.4,29,0
59.01,35,1
53.27,19,1
45.62,25,0
53.16,53,1
50.91,51,1
33.53,42,0
46.92,33,1
59.24,35,1
48.37,32,1
50.26,21,1
38.14,30,0
63.42,26,1
57.46,14,1
63.79,33,1
58.13,30,1
56.35,41,1
52.95,3,1
55.65,27,1
29.44,34,0
49.58,39,1
31.3,33,0
43.48,29,0
48.94,34,1
43.93,32,0
53.83,36,1
53.69,21,1
60.33,8,1
40.97,42,0
49.29,21,1
56.06,34,1
66.16,32,1
32.61,23,0
37.37,25,0
46.04,38,1
57.17,33,1
41.06,31,0
47.21,36,1
55.74,44,1
56.34,25,1
61.53,11,1
61.4,38,1
59.03,29,1
26.76,22,0
48.24,34,1
50.84,33,1
64.25,28,1
23.06,15,0
47.25,23,1
59.19,33,1
32.71,17,0
48.87,25,1
58.68,24,1
51.16,25,1
49.48,34,1
16.05,36,0
53.49,51,1
57.19,19,1
49.38,37,1
38.82,16,0
49.88,37,1
48.81,30,1
58.86,42,1
45.22,39,1
49.25,25,1
71.53,49,1
49.41,38,1
63.19,21,1
48.68,22,1
50.11,34,1
43.56,24,0
49.36,23,1
23.03,21,0
36.14,30,0
37.48,26,0
46.35,35,1
41.54,27,0
66.05,36,1
47.09,27,1
33.84,35,0
41.45,37,0
56.09,9,1
54.66,34,1
53.23,47,1
53.51,33,1
48.56,37,1
35.91,30,0
58.04,28,1
37.16,19,0
42.45,16,0
62.65,41,1
51.42,35,1
46.31,22,0
51.36,33,1
63.62,41,1
56.54,39,1
48.58,36,1
30.37,37,0
51.75,37,1
61.68,24,1
56.54,33,1
41.22,13,0
46.08,35,1
53.21,39,1
57.95,21,1
53.4,45,1
50.32,40,1
62.06,37,1
32.9,36,0
43.48,15,0
47.76,25,1
41.61,4,0
28.72,37,0
53.37,40,1
37.81,34,0
48.7,46,1
53.23,40,1
43.47,33,0
64.55,30,1
59.34,38,1
29.92,49,0
45.67,39,1
44.99,36,1
51.07,13,1
57.87,38,1
57.9,34,1
45.41,32,1
66.97,33,1
49.37,40,1
49.54,21,1
51.73,61,1
29.68,30,0
66.12,38,1
52.68,30,1
50.32,46,1
63.2,40,1
45.12,25,0
38.69,22,0
50.77,32,1
48.0,23,1
55.36,47,1
53.11,48,1
38.51,28,0
38.96,21,0
27.4,30,0
34.95,35,0
68.86,31,1
60.4,28,1
37.33,38,0
59.63,24,1
33.92,43,0
43.98,6,0
53.74,31,1
45.51,33,1
55.09,19,1
68.87,18,1
58.44,19,1
43.75,19,0
47.07,33,1
47.89,28,1
53.3,41,1
57.02,37,1
43.44,31,0
38.49,21,0
61.08,24,1
62.52,41,1
60.04,34,1
53.63,20,1
44.96,46,1
43.37,50,1
31.88,30,0
41.01,37,0
53.72,13,1
48.05,18,1
63.38,41,1
55.92,22,1
51.54,22,1
39.27,34,0
59.22,14,1
57.77,14,1
60.84,9,1
63.59,21,1
53.12,30,1
58.89,9,1
61.69,36,1
49.56,24,1
45.44,29,1
50.28,21,1
47.42,35,1
45.8,28,1
38.07,23,0
44.13,24,0
51.91,59,1
51.7,36,1
39.66,19,0
49.73,26,1
52.86,24,1
55.81,29,1
42.86,24,0
52.31,25,1
62.35,28,1
32.9,16,0
48.51,23,1
45.33,12,0
49.09,12,1
37.89,14,0
67.15,17,1
48.01,32,1
45.44,28,0
52.54,22,1
59.23,40,1
31.85,37,0
49.4,54,1
51.11,25,1
64.34,47,1
58.32,42,1
46.99,13,0
65.75,34,1
62.34,12,1
51.33,38,1
50.0,27,1
63.06,27,1
64.66,24,1
54.99,36,1
40.95,35,0
52.29,40,1
40.47,30,0
59.56,42,1
58.0,46,1
55.12,34,1
59.21,26,1
65.54,39,1
55.64,24,1
62.4,40,1
51.01,22,1
48.83,24,1
57.58,35,1
47.21,34,1
49.26,26,1
59.51,30,1
46.12,33,1
51.7,37,1
85.36,17,1
40.04,35,0
34.77,5,0
45.1,4,0
56.0,8,1
38.14,5,0
53.39,5,1
50.55,7,1
48.8,6,0
55.99,3,1
48.37,4,0
55.19,6,1
51.51,5,1
43.29,9,0
44.96,7,0
43.45,5,0
48.92,8,0
52.9,6,1
50.99,5,1
45.08,5,0
53.36,2,1
53.27,4,1
51.93,6,1
64.96,6,1
49.22,5,0
59.82,7,1
45.24,4,0
60.4,7,1
35.14,5,0
43.86,6,0
57.49,6,1
47.98,7,0
48.33,7,0
52.42,3,1
40.59,6,0
42.54,3,0
39.43,6,0
67.04,4,1
32.58,5,0
41.75,9,0
55.95,4,1
49.61,4,0
43.04,8,0
33.5,5,0
47.25,6,0
47.47,7,0
29.47,8,0
52.55,2,1
52.6,3,1
58.98,6,1
44.94,4,0
59.72,7,1
57.38,5,1
46.76,6,0
35.58,5,0
42.55,10,0
46.44,5,0
29.66,1,0
30.77,8,0
65.73,8,1
73.5,6,1
41.94,3,0
38.2,6,0
49.47,4,0
42.9,6,0
44.02,4,0
74.03,6,1
41.73,7,0
63.6,4,1
59.71,4,1
51.75,4,1
49.68,5,0
43.6,1,0
60.76,6,1
44.84,2,0
53.99,4,1
46.74,4,0
48.99,7,0
56.28,4,1
49.19,3,0
51.3,5,1
62.3,6,1
64.5,5,1
43.31,3,0
50.87,4,1
33.18,1,0
60.07,2,1
47.48,2,0
38.98,5,0
61.65,4,1
60.52,9,1
50.87,4,1
40.61,4,0
61.48,3,1
50.18,6,1
50.89,10,1
51.97,4,1
52.07,5,1
31.06,3,0
52.44,6,1
35.84,9,0
52.66,7,1
50.39,4,0
54.05,1,1
25.78,3,0
51.53,8,1
36.51,7,0
48.2,6,0
47.23,5,0
60.59,6,1
59.46,8,1
54.7,4,1
45.16,4,0
44.92,3,0
53.44,5,1
32.54,9,0
44.51,5,0
62.26,6,1
39.05,3,0
37.68,4,0
42.33,10,0
66.06,4,1
32.94,7,0
39.67,4,0
63.08,9,1
73.78,4,1
45.24,5,0
59.71,9,1
39.79,6,0
35.93,6,0
49.1,5,0
50.22,8,1
68.63,8,1
62.03,6,1
55.64,7,1
55.4,8,1
52.28,8,1
39.84,1,0
35.52,5,0
48.79,3,0
70.7,2,1
61.92,4,1
59.86,4,1
68.37,5,1
47.65,4,0
46.7,0,0
31.24,1,0
49.47,10,1
50.58,8,1
38.61,6,0
42.83,6,0
59.72,7,1
50.21,2,0
38.04,7,0
66.87,6,1
31.07,3,0
57.66,6,1
50.89,5,1
35.99,5,0
62.2,4,1
56.52,2,1
63.05,1,1
46.99,3,0
30.45,2,0
58.23,6,1
37.05,5,0
31.14,4,0
28.91,4,0
58.82,4,1
34.34,3,0
32.49,3,0
57.76,3,1
73.89,4,1
38.4,8,0
44.13,5,0
42.26,6,0
45.89,7,0
62.56,8,1
53.54,6,1
55.4,4,1
48.81,3,0
51.01,7,1
36.88,7,0
56.42,6,1
39.94,4,0
38.7,8,0
47.39,6,0
64.67,3,1
67.47,5,1
49.39,6,0
43.1,6,0
34.03,5,0
32.72,0,0
60.65,5,1
57.26,6,1
55.1,4,1
61.06,4,1
38.91,4,0
51.35,3,1
56.87,6,1
50.2,5,0
55.34,6,1
47.95,3,0
47.47,6,0
35.44,6,0
31.45,8,0
28.16,3,0
68.57,6,1
41.5,5,0
53.75,8,1
37.47,5,0
55.63,4,1
50.45,7,1
51.61,3,1
38.08,7,0
37.26,5,0
33.01,4,0
45.87,6,0
45.45,4,0
53.15,8,1
54.58,5,1
53.08,2,1
43.09,4,0
34.46,4,0
52.19,4,1
55.54,5,1
51.45,5,1
62.7,1,1
50.18,8,1
53.44,6,1
53.42,4,1
54.52,4,1
50.89,6,1
64.49,9,1
51.92,8,1
57.49,6,1
42.97,1,0
43.27,4,0
44.69,6,0
54.16,3,1
50.07,4,0
48.42,5,0
42.59,6,0
50.69,4,1
62.86,3,1
51.78,2,1
47.89,3,0
38.05,1,0
54.09,4,1
38.88,4,0
58.0,5,1
42.04,5,0
35.44,2,0
43.73,8,0
65.7,5,1
43.3,5,0
54.89,3,1
54.69,6,1
46.22,6,0
47.7,5,0
39.19,8,0
57.11,3,1
47.65,7,0
38.13,2,0
33.77,4,0
54.62,6,1
51.86,4,1
56.75,6,1
50.98,4,1
46.99,6,0
52.3,4,1
47.64,5,0
28.82,9,0
53.48,2,1
45.16,6,0
56.73,4,1
71.55,4,1
32.1,2,0
41.81,3,0
52.98,3,1
43.82,3,0
40.81,3,0
46.33,8,0
37.48,6,0
42.87,4,0
54.26,5,1
46.69,6,0
48.46,6,0
56.82,8,1
48.73,4,0
38.76,4,0
38.23,2,0
54.06,6,1
42.25,9,0
35.22,3,0
43.64,5,0
45.7,5,0
45.41,6,0
70.97,4,1
36.19,4,0
56.54,3,1
44.52,1,0
42.87,6,0
33.86,5,0
65.17,10,1
42.75,4,0
42.59,6,0
45.15,3,0
49.7,3,0
55.39,2,1
32.12,6,0
60.07,6,1
62.34,3,1
75.84,3,1
49.46,8,0
58.15,7,1
49.1,9,0
45.97,4,0
37.1,6,0
55.74,6,1
42.81,6,0
53.28,5,1
43.15,3,0
54.53,4,1
69.29,4,1
42.99,4,0
66.21,4,1
50.94,5,1
53.75,6,1
45.17,5,0
44.64,7,0
39.62,7,0
54.55,7,1
53.05,4,1
54.35,1,1
48.64,6,0
49.34,5,0
46.83,2,0
31.81,4,0
34.46,3,0
27.3,5,0
53.95,3,1
46.57,6,0
33.36,6,0
36.42,7,0
65.73,5,1
49.9,5,0
56.31,3,1
33.04,3,0
48.62,10,0
47.42,5,0
68.57,4,1
45.07,4,0
56.07,7,1
47.01,6,0
51.53,6,1
51.81,7,1
66.83,6,1
50.79,4,1
46.33,2,0
30.52,11,0
41.67,1,0
53.38,7,1
60.45,6,1
41.56,3,0
28.94,4,0
43.5,8,0
56.31,6,1
67.77,4,1
41.93,2,0
71.73,5,1
57.04,0,1
38.44,7,0
55.64,5,1
57.39,2,1
60.07,3,1
46.69,2,0
46.59,3,0
55.64,3,1
46.09,4,0
46.25,2,0
61.75,8,1
66.17,4,1
58.07,6,1
56.07,4,1
49.81,6,0
49.75,5,0
35.17,9,0
55.71,5,1
49.71,4,0
48.97,3,0
61.79,5,1
42.77,7,0
47.63,8,0
67.19,4,1
52.03,3,1
55.64,5,1
44.09,5,0
49.52,7,0
49.78,4,0
39.56,5,0
50.54,8,1
39.46,9,0
41.69,5,0
48.03,8,0
37.91,5,0
40.81,4,0
58.1,2,1
49.63,5,0
59.36,7,1
37.14,6,0
49.41,6,0
57.34,2,1
46.58,7,0
42.21,6,0
41.14,2,0
37.63,3,0
60.88,5,1
64.56,3,1
58.97,6,1
51.2,6,1
52.84,3,1
22.36,5,0
60.75,2,1
60.38,4,1
64.18,1,1
71.11,6,1
31.35,3,0
52.38,4,1
54.01,4,1
51.31,5,1
65.89,3,1
51.92,7,1
57.51,5,1
48.94,3,0
34.86,6,0
42.96,3,0
38.96,4,0
41.74,8,0
66.37,5,1
31.92,4,0
52.07,6,1
55.77,5,1
59.03,4,1
49.53,7,0
56.58,7,1
33.62,7,0
70.55,6,1
63.68,2,1
61.78,9,1
39.21,8,0
37.13,5,0
57.08,6,1
24.9,8,0
55.34,5,1
43.47,7,0
73.8,6,1
58.36,10,1
52.88,4,1
44.65,6,0
46.85,5,0
55.2,7,1
58.28,0,1
67.36,6,1
50.38,5,1
56.21,1,1
47.79,6,0
63.18,5,1
57.18,5,1
58.44,6,1
60.4,6,1
43.94,4,0
53.34,3,1
42.96,3,0
46.07,3,0
52.09,9,1
57.35,5,1
72.05,7,1
55.19,4,1
33.32,4,0
51.53,4,1
52.11,5,1
46.24,7,0
51.59,6,1
63.62,6,1
59.02,5,1
53.71,6,1
60.37,6,1
56.0,9,1
58.05,5,1
50.86,6,1
39.44,8,0
44.61,8,0
54.2,10,1
36.76,5,0
74.83,4,1
46.57,6,0
50.74,4,1
46.85,4,0
52.01,4,1
63.96,6,1
68.24,2,1
43.22,7,0
51.73,6,1
44.04,5,0
53.66,6,1
54.99,4,1
59.09,5,1
64.15,6,1
28.36,7,0
57.13,4,1
54.29,9,1
70.87,7,1
46.55,5,0
64.77,5,1
48.84,5,0
51.37,2,1
75.54,7,1
44.68,7,0
46.59,4,0
46.66,8,0
50.36,3,0
51.39,4,1
53.95,2,1
57.78,7,1
45.77,4,0
44.64,6,0
42.6,2,0
63.59,3,1
53.75,6,1
55.88,3,1
31.35,7,0
42.2,5,0
50.1,7,1
40.18,4,0
43.8,3,0
41.84,7,0
57.03,4,1
70.83,5,1
54.96,3,1
72.8,1,1
45.58,5,0
61.79,3,1
39.81,4,0
60.9,3,1
53.76,9,1
55.85,5,1
63.36,6,1
63.15,6,1
58.98,6,1
44.21,5,0
42.09,2,0
39.78,5,0
70.77,5,1
54.82,3,1
54.07,5,1
56.74,7,1
42.78,5,0
22.27,7,0
43.07,4,0
43.5,4,0
58.48,8,1
40.4,6,0
54.84,5,1
51.83,6,1
53.08,2,1
51.08,7,1
63.84,1,1
40.95,6,0
48.07,4,0
63.67,7,1
56.59,2,1
39.37,5,0
46.7,6,0
50.53,6,1
54.02,4,1
47.21,4,0
48.05,9,0
52.01,7,1
65.61,4,1
58.38,5,1
51.45,5,1
51.74,3,1
54.57,3,1
53.41,8,1
46.4,5,0
39.22,3,0
56.13,5,1
48.63,7,0
40.75,4,0
50.55,5,1
45.64,3,0
59.35,4,1
50.47,1,0
36.82,3,0
46.86,4,0
43.53,2,0
48.16,6,0
48.21,2,0
59.44,7,1
42.9,6,0
57.77,2,1
46.41,5,0
40.59,9,0
44.24,4,0
60.7,1,1
52.5,3,1
56.38,10,1
45.2,6,0
48.46,6,0
48.5,6,0
45.83,2,0
54.89,4,1
38.09,2,0
52.25,5,1
48.21,8,0
50.43,7,1
50.07,2,0
48.47,9,0
66.46,6,1
40.46,5,0
15.52,3,0
62.54,4,1
39.57,6,0
47.88,7,0
27.5,3,0
45.97,7,0
42.01,4,0
62.54,4,1
46.36,3,0
47.58,10,0
51.68,4,1
71.04,4,1
55.43,4,1
36.37,2,0
52.4,3,1
36.89,6,0
54.39,7,1
54.56,5,1
60.76,5,1
30.32,3,0
58.49,6,1
59.55,8,1
30.84,7,0
44.06,1,0
37.52,6,0
64.31,5,1
50.05,4,0
54.52,6,1
56.53,5,1
59.16,8,1
56.49,6,1
33.68,4,0
54.42,7,1
47.62,5,0
52.44,7,1
55.47,7,1
41.38,8,0
60.32,3,1
42.71,5,0
41.83,8,0
48.98,4,0
57.87,5,1
41.84,4,0
55.12,6,1
38.5,1,0
37.73,4,0
36.91,3,0
37.5,6,0
60.28,2,1
45.51,6,0
51.59,4,1
49.46,6,0
57.05,4,1
41.16,2,0
55.64,5,1
56.91,3,1
57.02,7,1
60.17,5,1
45.68,3,0
68.44,6,1
58.77,5,1
51.97,2,1
58.28,5,1
50.39,5,1
23.9,6,0
36.91,6,0
48.86,4,0
70.21,6,1
61.06,3,1
49.54,9,1
47.36,7,0
54.75,5,1
62.01,4,1
56.41,3,1
32.09,2,0
42.75,7,0
73.66,5,1
54.27,5,1
42.71,7,0
46.62,3,0
45.74,4,0
53.28,5,1
41.83,5,0
48.76,4,0
47.89,4,0
49.28,2,0
56.76,6,1
42.92,6,0
44.74,8,0
51.19,5,1
41.78,5,0
47.95,9,0
58.91,6,1
52.6,7,1
53.59,2,1
48.09,6,0
39.06,1,0
57.59,4,1
44.44,3,0
59.68,4,1
57.78,4,1
27.86,8,0
48.62,9,0
54.09,5,1
39.3,2,0
38.32,5,0
43.68,1,0
53.08,5,1
55.26,5,1
51.24,2,1
50.03,3,0
49.38,3,0
68.26,5,1
44.97,8,0
43.36,3,0
42.0,8,0
56.86,6,1
36.67,7,0
34.28,2,0
57.2,5,1
61.23,7,1
41.21,5,0
43.36,4,0
43.16,6,0
55.7,5,1
46.44,5,0
55.43,3,1
55.96,8,1
60.51,2,1
55.29,6,1
64.11,5,1
47.18,7,0
49.05,5,0
41.91,5,0
39.94,6,0
52.03,5,1
47.6,4,0
57.05,9,1
57.45,5,1
29.65,3,0
44.09,4,0
61.38,9,1
39.04,4,0
48.86,10,0
42.99,8,0
53.51,8,1
63.68,6,1
35.51,7,0
38.84,4,0
52.64,6,1
65.57,6,1
47.85,7,0
57.64,4,1
62.54,7,1
52.2,7,1
35.54,7,0
41.49,6,0
49.31,6,0
33.9,6,0
41.13,4,0
57.57,1,1
40.22,6,0
39.79,4,0
56.45,4,1
51.2,3,1
54.34,6,1
75.52,0,1
37.02,2,0
57.63,8,1
37.91,7,0
36.49,5,0
44.97,9,0
49.35,10,1
53.0,4,1
56.63,5,1
66.45,4,1
41.42,7,0
59.14,8,1
36.8,4,0
55.03,2,1
51.24,5,1
45.52,4,0
50.75,5,1
73.97,3,1
40.05,5,0
49.55,3,0
60.58,3,1
36.12,4,0
43.7,7,0
77.82,9,1
42.41,7,0
46.46,6,0
42.52,5,0
48.96,6,0
41.59,3,0
58.07,5,1
49.89,9,1
71.42,3,1
48.29,5,0
47.24,3,0
42.0,5,0
52.11,8,1
54.97,5,1
58.11,9,1
72.99,4,1
58.53,2,1
56.08,4,1
33.77,3,0
39.31,3,0
33.46,8,0
48.75,8,0
64.69,5,1
38.47,2,0
47.13,3,0
50.73,9,1
34.4,2,0
33.48,5,0
45.9,7,0
49.23,3,0
51.51,6,1
49.18,5,0
57.78,5,1
28.74,5,0
45.15,5,0
50.93,7,1
61.99,5,1
47.9,3,0
65.76,4,1
56.57,8,1
48.53,4,0
53.39,7,1
43.86,8,0
58.52,6,1
66.75,7,1
68.18,5,1
62.89,5,1
55.64,4,1
53.12,6,1
57.4,9,1
35.52,6,0
40.0,3,0
58.5,5,1
27.59,7,0
45.9,6,0
62.47,7,1
38.7,5,0
53.45,4,1
56.48,3,1
58.94,5,1
58.46,8,1
58.46,5,1
57.82,1,1
46.11,4,0
57.25,6,1
35.04,5,0
38.49,7,0
62.91,4,1
51.77,5,1
34.74,8,0
48.67,3,0
72.61,4,1
41.2,3,0
45.08,4,0
54.41,7,1
36.24,2,0
43.29,4,0
35.7,2,0
49.07,7,0
53.42,7,1
66.52,2,1
54.8,8,1
51.22,4,1
40.14,1,0
45.01,7,0
67.27,3,1
55.42,6,1
45.0,7,0
63.99,5,1
50.13,7,1
41.71,8,0
64.48,3,1
52.58,7,1
50.79,5,1
60.41,8,1
44.97,6,0
43.83,3,0
41.84,7,0
60.82,5,1
46.26,7,0
44.7,4,0
42.04,3,0
38.93,1,0
57.13,5,1
37.52,1,0
59.66,3,1
49.6,4,0
40.66,7,0
48.05,7,0
55.67,3,1
43.35,3,0
46.51,6,0
70.91,7,1
44.03,7,0
35.2,6,0
43.3,5,0
44.78,6,0
52.82,5,1
37.21,5,0
42.7,6,0
33.32,8,0
58.67,6,1
58.13,7,1
47.11,6,0
45.39,6,0
39.61,6,0
63.94,4,1
45.15,3,0
59.59,6,1
64.19,4,1
45.63,7,0
47.64,3,0
63.75,8,1
54.16,5,1
66.42,4,1
45.96,4,0
37.21,6,0
70.05,7,1
54.32,3,1
49.09,5,0
47.47,7,0
56.14,6,1
47.57,5,0
55.15,9,1
52.99,9,1
68.57,4,1
35.46,5,0
27.32,6,0
44.74,2,0
46.55,5,0
36.59,7,0
45.58,0,0
68.64,9,1
36.22,5,0
43.94,6,0
39.21,5,0
32.36,5,0
70.25,6,1
51.06,7,1
46.92,6,0
44.49,7,0
62.01,2,1
32.33,7,0
54.26,3,1
52.53,6,1
50.69,8,1
53.79,5,1
36.19,2,0
42.01,4,0
31.12,5,0
56.16,6,1
62.38,2,1
52.32,6,1
34.81,3,0
42.03,4,0
43.61,8,0
63.2,7,1
41.61,4,0
33.45,5,0
39.06,8,0
53.51,1,1
19.62,3,0
41.26,7,0
51.31,3,1
32.51,2,0
53.18,7,1
51.24,5,1
48.97,4,0
68.7,3,1
74.14,5,1
38.76,6,0
46.39,6,0
56.55,2,1
50.93,10,1
44.51,1,0
76.31,4,1
59.02,3,1
45.85,6,0
59.98,6,1
44.15,5,0
56.09,11,1
41.52,5,0
71.33,4,1
66.13,4,1
38.77,5,0
48.5,7,0
43.65,5,0
52.81,10,1
57.35,7,1
57.27,4,1
58.51,6,1
48.44,7,0
45.99,3,0
62.48,8,1
53.07,1,1
43.96,5,0
55.07,6,1
34.54,2,0
50.82,6,1
55.45,8,1
50.43,7,1
59.81,8,1
48.09,3,0
64.81,8,1
48.74,7,0
53.44,1,1
52.31,3,1
38.29,6,0
47.79,9,0
71.67,7,1
37.41,5,0
52.13,7,1
63.03,2,1
52.1,2,1
47.39,5,0
42.57,5,0
76.89,5,1
52.59,6,1
56.08,8,1
38.66,1,0
45.23,5,0
52.85,5,1
56.87,6,1
36.66,4,0
48.88,2,0
60.99,4,1
48.69,6,0
36.84,6,0
36.08,5,0
49.37,3,0
51.82,5,1
42.53,4,0
44.13,6,0
53.27,6,1
54.33,6,1
65.01,6,1
51.46,4,1
56.07,6,1
53.48,5,1
71.54,1,1
44.69,3,0
36.53,6,0
50.75,4,1
57.83,7,1
47.41,3,0
52.98,6,1
46.99,6,0
66.27,5,1
33.42,9,0
61.98,4,1
34.11,1,0
52.42,7,1
57.05,5,1
54.73,5,1
64.47,2,1
31.38,7,0
68.87,5,1
57.61,5,1
57.65,8,1
58.08,4,1
51.31,6,1
66.32,6,1
51.75,5,1
51.75,6,1
34.26,5,0
48.79,6,0
23.46,2,0
61.32,4,1
44.18,5,0
38.98,7,0
41.52,8,0
64.71,5,1
55.04,4,1
41.94,3,0
46.88,6,0
73.97,3,1
35.55,5,0
51.54,9,1
53.32,4,1
63.86,2,1
33.69,8,0
47.34,6,0
35.38,4,0
61.31,4,1
55.71,1,1
58.87,3,1
43.3,5,0
36.19,8,0
47.62,5,0
39.87,5,0
51.76,9,1
46.82,5,0
59.73,8,1
60.88,7,1
55.99,4,1
46.93,3,0
62.48,2,1
59.47,5,1
49.09,5,0
42.49,5,0
36.63,5,0
57.03,6,1
40.71,6,0
42.1,6,0
53.8,3,1
53.5,2,1
37.27,6,0
44.17,6,0
39.32,5,0
48.39,6,0
57.14,5,1
47.26,3,0
38.03,5,0
31.36,5,0
68.26,6,1
54.23,2,1
52.52,1,1
52.19,3,1
78.26,4,1
78.56,4,1
58.48,5,1
47.36,7,0
50.25,6,1
76.26,2,1
34.12,4,0
49.99,7,1
60.89,6,1
51.83,6,1
40.4,2,0
64.86,8,1
51.32,3,1
55.83,4,1
61.88,2,1
45.35,4,0
55.7,1,1
40.17,2,0
61.46,7,1
41.67,4,0
44.85,3,0
53.25,8,1
41.92,5,0
63.38,4,1
55.52,8,1
59.16,7,1
62.14,6,1
33.4,9,0
41.01,3,0
39.59,3,0
48.31,6,0
47.96,4,0
40.43,5,0
50.35,4,0
46.08,3,0
48.83,5,0
50.29,4,0
56.23,4,1
36.93,4,0
51.13,8,1
45.21,3,0
47.56,8,0
49.5,9,0
41.22,8,0
65.02,3,1
61.22,9,1
39.6,7,0
59.64,6,1
50.75,8,1
55.84,3,1
51.12,6,1
54.09,6,1
45.71,7,0
64.43,5,1
51.49,2,1
42.73,5,0
55.28,2,1
46.47,7,0
65.79,3,1
42.04,5,0
52.88,5,1
51.86,2,1
42.75,4,0
41.34,3,0
37.14,6,0
51.39,9,1
41.93,4,0
64.54,7,1
50.24,8,1
43.43,10,0
26.87,3,0
55.75,3,1
51.23,5,1
45.6,4,0
53.04,9,1
74.2,3,1
68.53,3,1
61.21,1,1
51.91,2,1
39.73,7,0
63.49,4,1
41.37,1,0
58.09,6,1
41.1,4,0
29.32,6,0
53.43,5,1
42.54,5,0
48.38,6,0
53.68,2,1
43.9,1,0
50.56,4,0
62.59,4,1
37.18,3,0
48.98,6,0
46.67,6,0
56.56,3,1
48.74,3,0
63.24,3,1
36.26,11,0
37.36,2,0
48.48,1,0
29.42,7,0
55.04,5,1
54.05,2,1
49.24,1,0
51.72,5,1
43.03,7,0
56.77,7,1
31.62,5,0
30.61,2,0
39.68,4,0
44.39,4,0
47.51,9,0
59.39,5,1
65.3,5,1
44.3,3,0
47.74,3,0
57.2,7,1
37.62,3,0
44.39,3,0
51.67,5,1
59.58,4,1
42.08,7,0
34.59,5,0
60.39,8,1
59.46,6,1
56.72,3,1
55.09,4,1
59.63,3,1
54.41,4,1
46.15,5,0
29.92,4,0
52.07,3,1
57.64,6,1
55.9,3,1
44.65,4,0
60.79,6,1
50.38,6,1
62.09,3,1
51.05,4,1
53.11,2,1
64.75,7,1
61.68,6,1
51.3,5,1
59.63,1,1
56.13,6,1
42.12,4,0
60.37,7,1
37.6,6,0
51.12,4,1
46.04,2,0
42.52,10,0
66.51,10,1
37.17,5,0
55.8,5,1
56.27,4,1
65.04,8,1
43.77,6,0
63.01,7,1
42.77,6,0
44.26,8,0
55.84,9,1
52.42,7,1
29.67,5,0
46.95,8,0
46.28,5,0
55.74,5,1
56.12,3,1
54.26,4,1
56.04,1,1
60.79,8,1
50.19,5,0
50.72,6,1
52.72,2,1
61.67,5,1
47.17,5,0
51.93,5,1
38.38,6,0
57.32,9,1
39.57,4,0
68.99,4,1
35.39,7,0
56.91,8,1
48.66,4,0
57.91,4,1
41.25,6,0
46.26,8,0
27.99,2,0
40.4,5,0
45.54,3,0
34.68,6,0
48.75,6,0
46.79,7,0
53.83,6,1
51.13,5,1
61.03,7,1
32.3,5,0
55.84,5,1
29.73,4,0
58.43,5,1
45.56,3,0
56.99,7,1
42.04,4,0
54.03,3,1
49.17,5,0
55.12,6,1
39.28,6,0
39.88,4,0
34.49,8,0
50.52,7,1
40.7,2,0
53.33,3,1
34.04,5,0
45.54,11,0
52.09,8,1
45.01,8,0
52.06,3,1
58.46,5,1
37.58,7,0
46.91,2,0
48.57,8,0
25.39,7,0
53.29,8,1
55.97,3,1
39.14,7,0
48.74,4,0
52.26,2,1
67.57,7,1
38.43,4,0
29.59,4,0
39.81,8,0
37.84,3,0
53.56,2,1
48.79,2,0
37.66,2,0
52.05,7,1
65.27,6,1
38.74,6,0
29.28,3,0
21.6,3,0
28.7,0,0
46.08,7,0
42.02,5,0
49.96,1,0
48.05,9,0
61.36,5,1
52.83,7,1
69.19,4,1
33.2,3,0
51.27,5,1
54.48,2,1
42.47,7,0
46.2,5,0
47.92,2,0
49.43,5,0
38.26,5,0
30.5,5,0
48.88,7,0
49.45,4,0
60.69,6,1
57.36,7,1
51.15,6,1
30.3,1,0
55.41,3,1
44.98,3,0
56.9,10,1
36.37,5,0
55.2,1,1
66.98,9,1
65.93,3,1
50.89,5,1
40.97,3,0
46.17,3,0
43.19,5,0
42.01,6,0
66.26,6,1
48.41,6,0
64.68,10,1
65.17,2,1
40.48,4,0
38.74,7,0
39.83,4,0
42.94,3,0
54.04,7,1
35.32,6,0
62.47,4,1
39.72,7,0
47.95,9,0
40.29,7,0
51.25,5,1
51.77,3,1
32.28,8,0
44.08,5,0
52.84,4,1
48.98,3,0
57.0,8,1
58.22,5,1
41.38,2,0
45.01,7,0
43.28,9,0
52.78,9,1
37.25,8,0
53.88,3,1
53.84,6,1
52.7,1,1
44.56,4,0
50.16,7,1
51.76,4,1
40.61,4,0
56.47,8,1
41.94,6,0
62.92,7,1
65.48,7,1
48.82,2,0
39.13,4,0
30.27,4,0
47.01,6,0
39.04,4,0
36.6,4,0
60.09,3,1
38.5,7,0
60.46,3,1
48.26,5,0
46.74,2,0
44.85,2,0
61.38,6,1
63.88,6,1
44.43,4,0
59.64,6,1
55.07,1,1
56.72,7,1
52.33,4,1
47.04,7,0
45.59,6,0
45.47,5,0
50.18,3,0
38.85,8,0
51.57,3,1
56.38,1,1
43.52,8,0
53.46,5,1
45.74,4,0
46.48,6,0
50.63,8,1
43.06,3,0
34.77,4,0
47.34,5,0
59.12,11,1
41.22,4,0
46.41,10,0
45.58,4,0
45.28,7,0
55.43,6,1
54.32,4,1
40.04,3,0
62.46,5,1
60.24,4,1
54.78,6,1
52.11,4,1
46.1,6,0
46.13,9,0
45.62,5,0
56.74,3,1
42.62,4,0
74.88,7,1
33.22,3,0
39.93,4,0
60.35,2,1
54.66,4,1
34.96,6,0
58.1,8,1
46.64,2,0
63.0,6,1
48.1,9,0
38.66,3,0
48.91,0,0
63.5,4,1
44.26,4,0
36.23,3,0
45.16,5,0
49.35,8,0
49.73,11,1
54.63,5,1
54.04,7,1
60.63,6,1
40.05,0,0
61.61,1,1
45.63,8,0
40.1,4,0
35.24,7,0
49.02,7,0
50.07,8,1
54.38,4,1
56.85,3,1
42.39,4,0
49.53,4,0
37.42,8,0
57.2,6,1
38.4,4,0
50.1,5,0
53.42,1,1
50.55,4,0
45.7,7,0
48.56,3,0
59.31,7,1
46.6,4,0
49.49,3,0
40.67,5,0
62.34,3,1
56.89,7,1
52.19,4,1
39.67,5,0
49.69,5,0
56.33,3,1
44.21,5,0
43.54,6,0
33.63,5,0
58.27,1,1
40.18,6,0
50.38,5,1
37.68,5,0
50.65,3,0
44.0,7,0
50.05,8,1
56.99,7,1
66.04,5,1
33.17,2,0
45.31,6,0
64.43,8,1
52.05,4,1
45.12,4,0
55.8,8,1
55.43,4,1
43.25,4,0
55.56,4,1
47.95,8,0
66.13,5,1
50.75,2,0
64.75,4,1
36.52,7,0
60.46,4,1
49.37,9,0
50.69,7,1
70.29,8,1
50.64,2,0
38.68,4,0
56.9,3,1
43.42,8,0
40.0,6,0
66.08,4,1
62.75,6,1
50.25,10,1
41.55,3,0
51.98,3,1
56.02,5,1
47.55,3,0
45.86,6,0
44.31,4,0
63.6,2,1
51.62,6,1
47.76,3,0
49.68,9,1
45.02,5,0
37.79,3,0
49.27,5,0
39.67,9,0
50.9,9,1
29.54,5,0
44.2,6,0
59.43,5,1
45.78,8,0
48.82,5,0
51.48,6,1
36.11,9,0
47.52,6,0
57.27,9,1
47.95,5,0
49.19,7,0
54.0,4,1
52.27,7,1
62.39,4,1
48.22,5,0
71.83,5,1
42.53,3,0
41.02,9,0
39.76,8,0
54.67,4,1
65.55,3,1
56.67,5,1
58.09,3,1
45.26,11,0
48.47,6,0
60.23,2,1
39.97,3,0
67.34,1,1
67.87,3,1
29.69,6,0
54.15,5,1
51.15,3,1
50.1,5,0
68.64,3,1
54.16,3,1
43.23,3,0
63.62,4,1
52.73,3,1
64.16,7,1
50.08,3,0
47.15,3,0
49.3,1,0
43.37,4,0
49.88,5,0
55.95,8,1
47.52,8,0
56.61,6,1
53.26,6,1
55.77,5,1
44.67,7,0
55.07,4,1
39.75,3,0
65.73,5,1
49.55,3,0
59.63,4,1
54.67,5,1
56.32,8,1
44.71,6,0
45.95,3,0
54.84,6,1
47.34,6,0
45.73,3,0
48.84,7,0
57.45,6,1
60.97,9,1
50.64,4,1
52.12,5,1
34.72,5,0
53.49,4,1
56.82,3,1
50.26,5,0
44.29,6,0
29.93,4,0
58.14,7,1
43.63,8,0
52.03,4,1
55.81,6,1
69.54,7,1
35.54,6,0
37.06,8,0
44.46,4,0
53.36,11,1
54.1,8,1
41.54,8,0
37.17,2,0
48.39,5,0
51.92,7,1
60.39,7,1
40.03,4,0
32.36,5,0
65.55,2,1
58.83,3,1
59.37,6,1
74.91,5,1
51.97,5,1
35.67,5,0
41.93,4,0
48.01,6,0
29.85,6,0
57.22,7,1
52.76,4,1
71.84,3,1
57.11,5,1
45.24,3,0
65.49,6,1
58.16,9,1
30.44,3,0
58.54,7,1
55.85,5,1
54.94,7,1
66.46,6,1
44.42,6,0
63.96,5,1
44.38,5,0
67.31,5,1
54.63,2,1
50.98,0,0
66.8,6,1
52.43,6,1
39.4,8,0
50.63,3,0
49.28,6,0
72.16,5,1
36.74,7,0
52.48,8,1
59.95,7,1
65.88,8,1
49.83,9,1
60.85,5,1
59.7,10,1
66.76,2,1
50.68,4,1
44.67,5,0
53.88,4,1
48.34,4,0
46.08,3,0
58.53,8,1
53.43,6,1
51.34,8,1
74.11,6,1
55.79,5,1
71.3,8,1
59.34,9,1
73.13,3,1
38.97,4,0
31.88,7,0
26.14,5,0
35.39,8,0
60.21,6,1
49.17,0,0
35.29,3,0
51.57,5,1
56.01,4,1
59.08,5,1
56.78,6,1
56.02,5,1
31.3,5,0
56.1,9,1
60.55,7,1
64.6,3,1
32.09,6,0
52.49,6,1
61.01,7,1
57.26,6,1
34.42,6,0
44.44,7,0
45.53,5,0
44.78,6,0
31.13,6,0
39.02,4,0
53.34,2,1
51.01,5,1
48.81,6,0
50.16,4,0
66.56,4,1
51.05,4,1
51.44,5,1
49.22,5,0
44.82,7,0
55.23,8,1
45.51,3,0
44.53,4,0
25.9,3,0
61.28,6,1
30.89,5,0
41.6,6,0
69.79,6,1
47.48,3,0
50.64,3,0
62.55,3,1
40.97,6,0
64.38,6,1
72.33,5,1
57.8,8,1
60.3,7,1
45.25,8,0
61.46,6,1
50.14,3,0
51.31,2,1
41.42,6,0
33.65,8,0
37.09,7,0
35.76,7,0
54.8,6,1
41.47,6,0
43.54,4,0
42.72,3,0
56.12,2,1
51.91,6,1
39.26,7,0
50.81,5,1
53.0,5,1
43.65,8,0
58.17,5,1
58.88,5,1
49.9,6,0
49.94,3,0
63.02,3,1
41.73,4,0
58.95,2,1
52.33,6,1
49.25,7,0
71.63,6,1
53.34,8,1
40.49,5,0
35.32,2,0
41.45,3,0
61.34,5,1
43.15,8,0
42.32,5,0
30.44,4,0
56.59,6,1
45.05,4,0
47.22,7,0
34.87,4,0
47.16,4,0
44.75,3,0
41.62,9,0
47.67,4,0
51.09,7,1
54.14,8,1
74.51,5,1
51.47,7,1
29.96,6,0
35.52,6,0
51.63,7,1
31.73,8,0
65.39,5,1
41.39,10,0
43.95,5,0
54.48,8,1
58.12,8,1
53.04,4,1
43.05,4,0
56.28,7,1
42.21,8,0
35.47,3,0
42.97,8,0
70.3,2,1
41.82,3,0
63.43,10,1
45.45,3,0
56.25,6,1
41.64,1,0
49.85,5,0
44.93,5,0
45.35,6,0
66.26,3,1
56.11,1,1
40.37,4,0
27.14,4,0
46.89,6,0
52.27,1,1
40.92,6,0
58.37,2,1
32.08,4,0
50.93,6,1
67.87,2,1
59.36,7,1
47.05,5,0
59.87,4,1
32.52,10,0
43.65,2,0
49.98,4,0
61.27,6,1
40.5,4,0
62.04,5,1
50.56,3,0
31.4,7,0
41.91,6,0
38.34,4,0
42.44,3,0
45.94,6,0
60.7,3,1
55.02,3,1
50.91,5,1
54.92,2,1
65.84,6,1
55.84,4,1
51.61,2,1
45.94,3,0
31.39,5,0
41.02,7,0
34.61,6,0
34.0,6,0
34.34,0,0
53.94,4,1
53.75,3,1
69.02,5,1
60.75,5,1
50.41,3,0
49.24,5,0
65.23,5,1
44.8,7,0
48.77,6,0
48.43,3,0
56.71,8,1
53.06,5,1
26.95,8,0
46.54,4,0
43.23,4,0
59.07,1,1
35.88,4,0
49.41,7,0
45.0,7,0
58.96,6,1
60.01,6,1
43.02,7,0
43.2,7,0
62.91,7,1
39.21,6,0
40.92,7,0
41.31,5,0
69.15,3,1
69.44,8,1
48.14,3,0
53.95,3,1
62.97,2,1
74.19,9,1
51.73,3,1
28.32,3,0
46.75,4,0
47.98,8,0
43.98,4,0
41.47,6,0
77.94,8,1
53.72,6,1
60.71,6,1
52.3,4,1
56.09,6,1
25.69,8,0
45.3,5,0
58.88,6,1
59.43,6,1
57.76,5,1
47.29,3,0
28.69,6,0
42.88,5,0
57.96,2,1
46.72,3,0
60.59,8,1
36.03,6,0
64.94,1,1
53.9,4,1
49.08,5,0
38.58,3,0
38.13,4,0
46.65,3,0
46.88,6,0
49.9,4,0
48.73,8,0
31.88,6,0
62.58,5,1
61.6,3,1
52.03,4,1
28.98,5,0
64.43,3,1
48.26,3,0
53.25,3,1
45.32,4,0
49.93,11,1
50.28,6,1
48.58,8,0
67.82,6,1
59.91,6,1
64.55,7,1
58.33,3,1
32.88,6,0
57.98,6,1
52.67,6,1
51.51,5,1
54.46,3,1
69.63,5,1
49.92,2,0
48.66,6,0
38.6,2,0
39.93,5,0
66.74,6,1
40.44,6,0
52.86,5,1
39.75,8,0
61.33,1,1
57.2,2,1
65.91,3,1
40.0,9,0
49.98,4,0
66.0,3,1
52.84,4,1
59.6,5,1
48.82,6,0
41.85,6,0
53.52,9,1
47.65,6,0
56.01,6,1
46.18,1,0
64.8,8,1
69.64,8,1
56.23,2,1
34.12,4,0
61.8,1,1
31.13,4,0
73.18,8,1
55.61,6,1
51.84,2,1
59.76,4,1
54.84,7,1
36.31,6,0
29.94,4,0
49.01,4,0
47.93,5,0
54.86,4,1
34.3,8,0
53.1,4,1
41.62,4,0
67.55,9,1
60.29,6,1
60.44,3,1
30.15,6,0
48.98,7,0
45.56,4,0
46.39,7,0
54.84,3,1
45.67,7,0
47.0,5,0
40.99,7,0
50.64,5,1
53.24,3,1
61.45,9,1
48.35,3,0
33.51,4,0
47.64,5,0
31.37,5,0
41.53,5,0
56.07,6,1
54.43,4,1
65.17,4,1
50.66,6,1
56.41,7,1
49.76,5,0
44.0,4,0
55.67,2,1
53.45,5,1
48.64,6,0
39.16,5,0
43.46,6,0
48.79,5,0
51.7,5,1
34.76,5,0
41.93,6,0
64.32,4,1
45.64,6,0
49.3,5,0
41.5,4,0
54.82,5,1
48.47,4,0
43.07,1,0
64.36,6,1
66.9,5,1
60.9,6,1
42.6,5,0
60.85,5,1
66.57,2,1
53.67,6,1
65.02,11,1
43.18,4,0
52.0,3,1
54.1,4,1
47.57,6,0
49.57,5,0
44.84,7,0
55.73,1,1
37.3,5,0
55.44,5,1
47.04,4,0
51.36,9,1
70.59,2,1
56.02,6,1
46.99,7,0
53.64,3,1
39.17,4,0
39.19,8,0
52.8,7,1
55.62,3,1
43.95,3,0
39.31,6,0
42.46,5,0
47.59,4,0
40.71,5,0
31.62,2,0
31.14,9,0
39.21,6,0
50.7,7,1
47.91,4,0
54.47,4,1
47.52,2,0
65.2,7,1
59.48,4,1
62.58,5,1
50.47,6,1
53.41,3,1
83.42,5,1
58.78,3,1
41.65,7,0
53.0,3,1
56.12,0,1
37.54,5,0
46.08,7,0
34.55,7,0
46.45,4,0
66.17,6,1
44.1,2,0
56.24,5,1
53.48,5,1
70.32,4,1
46.94,6,0
36.98,6,0
49.3,3,0
27.04,6,0
45.28,6,0
50.03,2,0
68.13,2,1
26.78,2,0
58.24,5,1
46.98,6,0
34.04,9,0
53.49,4,1
44.63,2,0
51.27,6,1
62.51,4,1
42.25,5,0
39.53,6,0
46.59,4,0
27.8,6,0
52.12,7,1
49.26,7,0
55.56,5,1
40.53,4,0
53.96,1,1
44.44,7,0
61.23,3,1
32.67,3,0
36.99,3,0
49.41,4,0
57.89,6,1
50.86,5,1
57.64,8,1
51.43,5,1
37.73,3,0
58.56,3,1
45.26,4,0
37.1,6,0
44.41,3,0
50.62,7,1
55.14,1,1
39.01,5,0
52.11,7,1
64.48,5,1
48.69,6,0
57.18,5,1
59.04,6,1
48.86,7,0
59.12,7,1
45.86,7,0
60.78,0,1
56.91,5,1
34.95,0,0
47.84,4,0
48.14,2,0
44.89,1,0
65.76,9,1
41.39,8,0
66.81,5,1
58.92,3,1
46.72,7,0
44.12,2,0
53.59,2,1
60.9,5,1
38.06,7,0
64.21,7,1
56.61,8,1
48.03,5,0
48.63,4,0
46.73,5,0
51.97,5,1
60.65,5,1
54.41,6,1
65.88,5,1
38.04,4,0
26.27,4,0
60.05,6,1
50.65,4,1
50.07,4,0
44.68,1,0
69.88,7,1
48.53,6,0
61.06,8,1
54.4,4,1
65.32,3,1
48.91,2,0
47.33,3,0
49.7,3,0
35.97,7,0
55.46,5,1
49.48,4,0
45.89,8,0
45.69,3,0
70.45,6,1
58.45,6,1
65.42,6,1
38.21,5,0
42.86,4,0
44.62,2,0
58.27,6,1
34.84,8,0
56.96,7,1
58.07,11,1
51.52,8,1
36.76,7,0
51.86,4,1
57.16,4,1
48.67,3,0
59.0,4,1
54.36,2,1
41.52,4,0
46.37,5,0
51.91,6,1
65.6,6,1
61.92,4,1
40.24,5,0
65.11,5,1
26.3,7,0
41.87,6,0
51.6,6,1
43.69,4,0
63.9,7,1
72.04,3,1
50.67,4,1
57.78,1,1
69.93,3,1
56.26,6,1
44.91,7,0
52.01,7,1
41.83,5,0
49.27,5,0
40.09,5,0
75.09,5,1
44.64,4,0
41.63,6,0
54.41,5,1
27.46,5,0
52.21,5,1
74.91,4,1
25.48,5,0
52.75,4,1
45.21,7,0
49.97,6,0
55.33,5,1
30.34,6,0
53.01,4,1
58.27,6,1
41.23,6,0
46.1,4,0
60.1,5,1
51.02,7,1
52.59,4,1
43.26,2,0
50.62,8,1
46.51,8,0
49.64,5,0
50.67,4,1
65.59,9,1
45.58,7,0
55.72,5,1
44.47,4,0
55.88,5,1
47.4,6,0
64.15,8,1
61.37,1,1
35.09,4,0
47.59,5,0
53.96,4,1
63.61,5,1
45.05,4,0
43.89,5,0
57.82,7,1
50.96,3,1
42.94,5,0
67.08,1,1
49.88,6,0
37.35,5,0
53.29,6,1
37.04,5,0
50.28,4,0
50.96,6,1
46.38,6,0
34.79,4,0
38.92,7,0
46.54,4,0
62.24,10,1
50.96,1,0
53.23,6,1
53.89,2,1
74.41,5,1
50.85,5,1
62.67,1,1
36.33,8,0
50.48,8,1
43.32,4,0
50.78,2,0
49.62,4,0
52.6,4,1
45.29,9,0
64.98,3,1
41.82,4,0
55.3,4,1
52.57,7,1
51.53,2,1
46.71,4,0
52.3,3,1
43.69,6,0
29.7,6,0
53.59,5,1
48.51,8,0
29.01,3,0
56.14,9,1
56.83,5,1
59.93,7,1
52.72,4,1
59.63,3,1
32.63,4,0
26.62,5,0
66.95,5,1
35.24,2,0
66.96,4,1
54.87,6,1
70.04,1,1
45.11,6,0
44.77,2,0
75.68,7,1
53.45,5,1
55.01,6,1
34.24,4,0
52.42,5,1
37.0,5,0
49.14,6,0
49.35,6,0
32.54,8,0
52.15,4,1
47.49,5,0
54.5,5,1
31.58,6,0
59.91,7,1
34.02,6,0
57.14,2,1
38.27,8,0
33.56,7,0
57.74,4,1
51.29,5,1
51.87,4,1
41.31,5,0
16.39,8,0
56.55,5,1
41.0,6,0
31.72,2,0
63.75,4,1
67.15,7,1
33.66,8,0
40.32,6,0
52.41,3,1
56.56,4,1
50.32,5,0
50.72,5,1
25.17,6,0
45.32,6,0
45.15,7,0
38.63,4,0
63.43,4,1
32.45,6,0
34.68,7,0
49.89,2,0
66.63,9,1
34.11,5,0
56.86,4,1
46.14,5,0
69.49,1,1
67.46,4,1
37.83,7,0
52.81,5,1
35.42,3,0
48.84,4,0
58.43,2,1
37.76,5,0
29.88,4,0
49.48,2,0
36.84,5,0
53.5,5,1
48.95,2,0
51.91,6,1
72.14,6,1
51.91,6,1
32.58,6,0
52.68,3,1
58.94,5,1
63.95,3,1
36.88,5,0
57.25,3,1
44.51,6,0
58.4,7,1
38.4,4,0
44.95,5,0
47.87,4,0
35.83,6,0
24.58,4,0
48.71,5,0
56.67,3,1
48.72,6,0
47.6,1,0
55.05,6,1
62.81,6,1
50.86,4,1
51.63,4,1
27.83,5,0
50.4,7,1
53.69,5,1
48.17,4,0
38.25,6,0
54.66,3,1
42.41,7,0
52.04,1,1
67.41,4,1
50.71,7,1
48.45,6,0
58.03,4,1
64.12,4,1
41.6,7,0
42.32,6,0
69.72,4,1
60.39,7,1
57.86,6,1
58.88,6,1
54.94,7,1
48.64,4,0
69.66,4,1
55.4,9,1
42.27,4,0
58.67,1,1
58.64,1,1
49.85,8,1
37.14,2,0
33.95,5,0
40.72,6,0
56.34,6,1
72.41,7,1
48.52,7,0
68.6,4,1
61.86,7,1
52.59,5,1
50.94,6,1
58.56,7,1
62.48,7,1
27.48,5,0
37.26,1,0
70.3,3,1
42.54,5,0
54.23,5,1
52.43,11,1
54.87,4,1
33.42,4,0
67.51,7,1
52.69,1,1
55.16,7,1
52.11,4,1
54.27,6,1
56.07,5,1
46.64,5,0
39.64,4,0
43.58,7,0
54.64,5,1
39.87,4,0
52.7,7,1
45.53,4,0
50.34,6,1
53.39,4,1
44.5,8,0
62.6,6,1
53.76,4,1
54.1,7,1
56.2,6,1
49.33,7,0
72.9,7,1
45.83,2,0
57.25,0,1
66.67,5,1
34.86,3,0
51.34,6,1
49.93,5,0
49.43,7,0
49.56,4,0
64.63,8,1
68.18,5,1
56.45,6,1
35.82,5,0
51.35,6,1
48.34,5,0
45.94,6,0
42.37,5,0
60.81,6,1
36.82,5,0
47.77,6,0
59.02,3,1
60.99,4,1
63.68,4,1
40.54,5,0
47.81,6,0
49.72,4,0
58.11,7,1
60.73,5,1
47.39,7,0
63.15,0,1
71.55,4,1
55.78,7,1
44.77,3,0
36.18,5,0
55.18,5,1
67.74,1,1
59.16,8,1
55.51,8,1
40.01,1,0
49.71,6,0
56.49,4,1
55.05,7,1
57.91,7,1
50.49,3,0
56.18,6,1
51.35,2,1
48.29,5,0
30.16,5,0
57.01,7,1
42.9,6,0
64.85,6,1
61.21,7,1
31.6,5,0
43.61,3,0
35.6,1,0
55.47,9,1
37.15,7,0
48.09,5,0
49.65,11,1
31.25,4,0
54.0,6,1
47.68,4,0
48.19,6,0
37.64,7,0
63.66,1,1
34.94,5,0
34.41,4,0
47.46,2,0
60.78,6,1
55.58,4,1
44.49,4,0
36.07,5,0
49.26,7,0
64.9,6,1
53.25,3,1
54.25,7,1
48.47,3,0
50.56,5,1
45.67,7,0
59.67,3,1
47.77,5,0
51.2,9,1
52.57,5,1
56.52,7,1
63.71,6,1
63.72,8,1
65.08,3,1
48.42,5,0
41.08,2,0
46.2,5,0
47.74,7,0
50.78,5,1
62.3,5,1
38.42,2,0
51.55,6,1
41.31,6,0
57.2,5,1
51.97,7,1
34.74,4,0
62.81,4,1
55.97,4,1
54.99,6,1
58.13,4,1
66.86,6,1
45.03,11,0
53.54,7,1
23.2,8,0
64.13,6,1
53.11,3,1
62.58,8,1
57.68,2,1
29.13,5,0
58.83,5,1
44.83,7,0
40.46,7,0
58.92,4,1
56.04,6,1
41.14,6,0
48.35,7,0
56.17,1,1
47.57,5,0
44.22,5,0
52.85,4,1
41.15,7,0
47.82,4,0
66.89,3,1
43.25,7,0
74.47,5,1
47.43,2,0
49.34,3,0
56.37,3,1
50.64,4,1
60.36,5,1
45.74,5,0
60.32,5,1
59.08,5,1
40.87,5,0
63.55,1,1
54.65,4,1
53.47,4,1
41.7,5,0
55.76,7,1
53.33,5,1
49.58,4,0
40.9,5,0
54.32,5,1
52.11,11,1
54.34,3,1
41.75,5,0
49.19,5,0
46.8,6,0
30.97,8,0
42.42,4,0
30.31,6,0
32.95,10,0
58.13,6,1
64.32,3,1
39.93,4,0
40.63,3,0
48.81,6,0
40.34,2,0
54.29,9,1
47.92,7,0
55.11,6,1
58.93,6,1
34.04,6,0
50.3,8,1
51.38,4,1
42.02,1,0
39.33,6,0
49.76,7,0
46.96,1,0
58.61,5,1
32.53,4,0
38.94,8,0
46.81,9,0
50.56,5,1
37.57,6,0
49.86,5,0
53.57,4,1
35.15,5,0
36.91,6,0
60.04,5,1
41.25,3,0
49.53,7,0
44.54,7,0
53.61,3,1
62.81,7,1
49.22,8,0
52.34,7,1
55.11,3,1
50.03,9,1
54.39,3,1
47.56,5,0
39.39,8,0
46.85,7,0
37.68,7,0
50.56,5,1
179.22,95,2
192.34,69,2
140.25,92,2
184.28,70,2
200.58,50,2
197.99,95,2
199.81,32,2
168.45,70,2
197.87,74,2
172.08,87,2
164.31,45,2
162.56,56,2
165.2,74,2
211.36,5,2
157.51,59,2
208.47,26,2
180.95,85,2
167.83,70,2
144.23,49,2
163.82,79,2
186.28,4,2
182.21,72,2
149.08,78,2
171.83,50,2
212.8,51,2
185.3,49,2
170.11,49,2
175.82,80,2
234.52,88,2
164.03,86,2
200.77,79,2
168.47,56,2
184.79,89,2
158.61,71,2
192.11,68,2
176.49,82,2
190.97,76,2
175.93,53,2
157.99,44,2
197.56,57,2
140.32,56,2
162.56,23,2
181.12,58,2
197.26,76,2
156.85,58,2
164.13,99,2
187.37,86,2
174.32,28,2
145.21,96,2
178.05,29,2
183.7,74,2
121.07,57,2
171.16,51,2
148.0,66,2
162.93,75,2
163.17,91,2
184.96,65,2
178.28,71,2
190.13,52,2
167.55,70,2
176.01,70,2
157.02,21,2
173.72,84,2
224.47,52,2
219.46,75,2
156.79,46,2
193.01,43,2
191.2,70,2
183.98,61,2
181.04,58,2
192.37,99,2
185.03,41,2
202.94,80,2
178.47,99,2
213.93,47,2
188.36,63,2
164.08,71,2
173.91,75,2
175.29,34,2
208.65,45,2
212.49,25,2
183.78,56,2
162.3,74,2
164.83,53,2
172.53,76,2
179.26,79,2
187.12,99,2
191.47,93,2
202.02,38,2
188.06,75,2
201.54,90,2
165.23,57,2
183.92,29,2
166.22,77,2
167.75,41,2
219.54,39,2
209.43,64,2
145.28,91,2
185.5,67,2
168.77,55,2
174.41,36,2
169.45,67,2
159.2,46,2
184.76,56,2
228.21,61,2
151.81,67,2
158.47,100,2
186.03,65,2
169.85,99,2
154.52,51,2
198.3,99,2
149.71,78,2
182.53,99,2
204.62,38,2
224.94,27,2
177.2,87,2
182.4,83,2
189.88,97,2
214.17,73,2
159.8,58,2
150.8,8,2
149.55,7,2
154.72,19,2
188.1,15,2
151.59,4,2
209.27,11,2
184.26,7,2
184.77,15,2
168.27,14,2
178.52,17,2
190.16,12,2
176.3,18,2
195.01,10,2
176.1,5,2
186.4,19,2
158.63,13,2
190.1,6,2
198.1,3,2
165.93,1,2
162.35,13,2
203.98,11,2
177.21,16,2
192.25,12,2
164.47,7,2
210.88,12,2
171.76,12,2
180.06,8,2
166.36,1,2
203.85,12,2
200.37,1,2
149.51,10,2
180.26,15,2
203.91,12,2
203.13,11,2
139.35,6,2
158.88,20,2
194.37,15,2
170.38,16,2
179.61,15,2
221.45,3,2
181.05,4,2
179.97,0,2
192.78,7,2
174.71,9,2
168.64,5,2
156.17,17,2
186.51,15,2
173.21,14,2
166.02,12,2
159.14,8,2
207.13,13,2
183.67,14,2
171.29,14,2
200.64,10,2
179.25,12,2
177.43,10,2
180.8,9,2
166.45,17,2
156.41,10,2
172.5,5,2
158.02,8,2
179.76,8,2
163.26,13,2
177.75,12,2
184.44,5,2
187.98,15,2
146.8,18,2
196.9,1,2
171.24,1,2
220.23,2,2
200.41,7,2
207.52,10,2
183.1,14,2
175.04,10,2
173.26,19,2
159.7,11,2
175.37,18,2
198.44,3,2
168.76,5,2
165.87,3,2
145.73,9,2
179.68,0,2
184.94,11,2
227.52,7,2
149.36,9,2
182.32,15,2
200.6,18,2
183.21,13,2
195.43,9,2
185.17,4,2
179.33,5,2
196.17,12,2
183.14,9,2
156.71,17,2
174.79,10,2
174.48,4,2
220.39,7,2
189.07,4,2
152.64,16,2
185.33,8,2
176.88,7,2
171.65,15,2
166.33,8,2
163.94,0,2
192.77,14,2
206.13,9,2
173.2,16,2
171.41,12,2
202.04,7,2
168.84,7,2
178.48,7,2
188.51,13,2
187.13,19,2
192.89,15,2
163.5,9,2
174.78,14,2
182.67,9,2
193.88,9,2
147.55,12,2
182.63,12,2
169.78,15,2
225.68,2,2
206.08,15,2
154.75,13,2
165.07,8,2
197.07,14,2
183.97,11,2
165.07,4,2
213.82,7,2
155.84,13,2
188.57,9,2
199.02,9,2
189.61,16,2
178.34,9,2
187.46,7,2
193.3,7,2
169.02,4,2
165.71,6,2
169.48,1,2
174.91,12,2
171.99,13,2
179.52,8,2
172.02,14,2
161.32,9,2
164.26,11,2
206.47,21,2
158.71,9,2
207.08,4,2
177.63,7,2
193.4,12,2
190.06,19,2
171.15,5,2
198.13,16,2
160.23,4,2
167.46,14,2
195.66,4,2
175.16,13,2
194.29,10,2
188.86,6,2
182.61,10,2
180.45,4,2
191.98,10,2
184.19,14,2
211.8,9,2
199.29,21,2
201.79,1,2
187.37,14,2
215.94,8,2
182.43,9,2
210.69,2,2
212.54,13,2
205.43,7,2
185.52,16,2
188.19,3,2
179.74,11,2
217.21,8,2
170.23,13,2
180.18,11,2
191.03,1,2
199.33,9,2
206.15,14,2
170.85,16,2
137.67,4,2
197.27,14,2
148.83,1,2
181.67,8,2
166.1,18,2
185.73,3,2
184.66,8,2
175.8,7,2
189.2,4,2
205.78,9,2
156.87,16,2
185.54,8,2
186.14,11,2
183.3,16,2
190.39,13,2
166.15,11,2
162.71,10,2
189.62,8,2
212.42,7,2
186.3,9,2
152.55,17,2
174.29,10,2
146.35,16,2
134.81,20,2
191.22,8,2
187.7,17,2
219.29,17,2
206.59,10,2
218.79,8,2
171.7,14,2
168.33,10,2
160.71,11,2
217.76,4,2
140.49,7,2
170.73,11,2
196.13,17,2
170.58,22,2
160.52,19,2
181.77,18,2
195.7,12,2
159.86,9,2
162.96,22,2
177.53,4,2
179.4,2,2
156.38,6,2
196.12,8,2
204.96,7,2
184.1,19,2
186.88,9,2
193.86,6,2
171.51,8,2
169.25,9,2
155.86,6,2
176.54,3,2
168.36,13,2
149.91,5,2
189.38,6,2
194.15,12,2
186.47,10,2
185.5,13,2
186.69,15,2
179.23,6,2
158.05,8,2
189.13,6,2
181.82,6,2
150.31,14,2
177.95,8,2
160.49,6,2
184.62,6,2
197.02,8,2
184.32,11,2
195.47,14,2
191.27,8,2
208.19,17,2
178.37,6,2
169.24,4,2
166.62,14,2
189.78,17,2
145.39,15,2
164.47,10,2
163.39,6,2
159.11,15,2
169.56,17,2
188.25,18,2
184.12,7,2
199.37,7,2
175.81,8,2
175.06,9,2
190.85,9,2
188.89,1,2
192.77,14,2
179.24,7,2
170.86,7,2
171.29,19,2
168.9,5,2
161.76,5,2
169.54,12,2
173.72,10,2
180.98,8,2
181.89,17,2
172.85,13,2
244.79,9,2
176.79,8,2
148.44,7,2
216.66,9,2
161.14,10,2
183.38,3,2
175.29,11,2
167.02,10,2
234.09,7,2
168.98,14,2
242.37,15,2
160.78,11,2
190.56,11,2
195.33,14,2
196.23,4,2
209.76,15,2
172.78,5,2
201.99,15,2
162.56,13,2
191.81,7,2
170.72,1,2
189.45,21,2
189.77,16,2
201.69,14,2
191.59,12,2
154.93,14,2
149.19,16,2
165.07,12,2
156.57,7,2
162.34,9,2
177.82,12,2
205.07,15,2
155.83,10,2
181.53,13,2
195.87,3,2
170.3,6,2
167.89,15,2
187.17,7,2
153.81,18,2
164.53,7,2
174.81,13,2
152.1,10,2
157.26,18,2
203.03,10,2
172.78,8,2
164.95,11,2
182.99,5,2
170.9,0,2
150.57,15,2
187.45,4,2
135.98,14,2
187.55,5,2
241.71,22,2
168.04,12,2
156.01,14,2
189.75,9,2
178.42,3,2
211.26,6,2
171.7,12,2
145.07,6,2
194.55,6,2
157.26,10,2
153.34,9,2
193.78,6,2
200.72,20,2
193.21,14,2
176.23,16,2
172.11,12,2
193.31,8,2
174.3,12,2
164.4,10,2
162.68,5,2
173.55,3,2
172.15,8,2
202.84,17,2
197.95,10,2
167.21,5,2
136.52,13,2
199.92,0,2
152.09,24,2
170.87,15,2
137.16,16,2
164.38,8,2
212.41,12,2
163.36,15,2
158.31,4,2
162.26,14,2
211.99,6,2
160.26,20,2
228.96,13,2
182.69,11,2
162.8,11,2
193.58,16,2
161.26,10,2
201.12,19,2
181.35,13,2
168.64,9,2
175.58,9,2
160.2,9,2
192.22,6,2
197.6,10,2
189.82,7,2
205.8,13,2
193.33,12,2
132.03,15,2
190.33,14,2
173.9,11,2
179.11,6,2
209.64,7,2
161.9,15,2
166.62,9,2
161.64,10,2
162.9,10,2
178.88,10,2
171.97,12,2
179.56,17,2
188.59,16,2
151.09,13,2
194.87,8,2
200.21,5,2
196.39,6,2
193.05,11,2
183.61,6,2
166.8,8,2
190.45,14,2
184.29,7,2
197.44,15,2
170.72,7,2
168.56,5,2
168.22,9,2
165.22,16,2
143.37,10,2
224.24,16,2
173.49,8,2
190.04,16,2
178.39,11,2
194.68,2,2
170.72,1,2
181.64,17,2
207.34,9,2
189.85,9,2
142.83,5,2
168.14,1,2
161.94,9,2
151.65,1,2
177.29,10,2
173.02,3,2
182.6,10,2
208.78,11,2
160.5,14,2
170.45,1,2
164.37,7,2
180.1,14,2
192.31,12,2
167.88,6,2
231.57,13,2
189.68,10,2
192.61,10,2
218.21,11,2
168.88,14,2
150.0,8,2
178.17,10,2
190.84,1,2
211.34,15,2
161.98,9,2
208.42,7,2
185.7,17,2
165.15,9,2
166.68,14,2
213.12,3,2
217.91,3,2
159.47,22,2
176.44,5,2
173.35,6,2
194.1,4,2
176.01,16,2
193.08,9,2
180.84,21,2
191.52,9,2
141.96,15,2
154.33,3,2
185.15,10,2
185.38,7,2
208.96,18,2
176.97,4,2
162.58,1,2
184.14,9,2
154.74,1,2
180.91,11,2
184.74,1,2
186.24,4,2
181.3,11,2
180.36,13,2
163.72,6,2
177.04,6,2
154.59,19,2
196.37,17,2
219.84,15,2
189.97,3,2
168.09,5,2
190.94,20,2
192.12,16,2
218.67,1,2
188.26,14,2
200.32,9,2
188.22,12,2
207.01,18,2
173.38,11,2
161.51,5,2
169.75,5,2
169.66,11,2
150.46,14,2
176.96,23,2
200.62,8,2
197.08,14,2
196.95,11,2
116.58,4,1
174.58,5,2
187.16,11,2
184.46,4,2
170.72,15,2
168.24,10,2
187.67,17,2
218.58,9,2
155.02,9,2
153.84,9,2
180.65,16,2
168.76,7,2
153.5,1,2
159.53,15,2
207.44,13,2
229.3,15,2
180.6,13,2
165.09,4,2
205.4,11,2
171.19,10,2
188.24,3,2
189.25,7,2
160.94,13,2
185.58,3,2
171.79,6,2
179.7,9,2
193.68,8,2
195.95,4,2
169.72,6,2
207.05,13,2
205.62,11,2
166.64,11,2
168.34,9,2
185.5,13,2
191.31,7,2
140.59,3,2
188.61,9,2
167.46,11,2
186.26,4,2
188.34,18,2
157.73,12,2
175.69,16,2
134.54,10,2
190.28,10,2
168.01,3,2
188.49,11,2
164.43,12,2
186.42,14,2
201.97,17,2
201.38,1,2
196.34,9,2
171.64,16,2
183.96,6,2
192.31,8,2
180.63,12,2
194.13,11,2
175.76,5,2
163.89,8,2
164.29,12,2
170.9,15,2
166.87,15,2
164.77,6,2
184.45,12,2
191.82,7,2
183.61,14,2
171.42,4,2
186.55,8,2
200.37,6,2
166.72,9,2
192.38,10,2
151.88,4,2
196.56,1,2
172.43,11,2
169.64,9,2
177.33,1,2
156.76,15,2
165.76,5,2
176.43,11,2
159.11,16,2
186.67,15,2
169.32,10,2
177.78,11,2
180.73,1,2
202.18,1,2
159.31,10,2
166.8,10,2
177.09,7,2
170.6,3,2
190.14,13,2
201.05,9,2
174.91,14,2
168.01,15,2
152.99,6,2
145.17,15,2
174.44,9,2
181.52,14,2
185.27,9,2
176.37,11,2
159.92,15,2
150.21,1,2
152.6,15,2
197.71,9,2
174.78,4,2
156.2,4,2
174.5,6,2
210.4,10,2
200.05,9,2
164.96,5,2
176.5,11,2
192.86,21,2
188.22,8,2
178.57,17,2
203.38,8,2
192.32,14,2
176.15,9,2
156.61,20,2
176.51,14,2
190.66,7,2
154.62,5,2
162.97,15,2
207.96,7,2
176.65,11,2
164.56,0,2
203.41,7,2
182.19,15,2
201.68,16,2
135.38,8,2
153.45,1,2
182.71,11,2
177.44,4,2
208.52,5,2
175.58,11,2
161.6,6,2
168.09,12,2
168.77,10,2
158.86,14,2
182.16,6,2
199.42,8,2
172.99,10,2
182.44,10,2
166.96,8,2
153.58,12,2
185.68,18,2
214.8,20,2
185.39,20,2
169.35,19,2
181.75,10,2
159.89,17,2
196.52,12,2
169.65,14,2
192.21,8,2
180.29,20,2
222.08,11,2
165.1,13,2
212.75,9,2
170.64,13,2
196.2,14,2
189.99,12,2
208.96,10,2
219.39,1,2
188.25,10,2
187.13,12,2
187.28,8,2
192.74,13,2
211.2,8,2
189.88,9,2
165.58,6,2
191.88,7,2
194.22,12,2
167.22,2,2
185.37,14,2
203.8,22,2
167.05,10,2
177.48,19,2
170.22,16,2
209.76,18,2
160.04,10,2
176.17,5,2
170.91,12,2
176.14,5,2
168.03,9,2
